[
  {
    "value": "queso",
    "synonyms": [
      "queso",
      "Queso",
      "Chesse",
      "chesse"
    ]
  },
  {
    "value": "salsa",
    "synonyms": [
      "salsa",
      "Salsa",
      "ketchup",
      "Ketchup"
    ]
  },
  {
    "value": "pepperoni",
    "synonyms": [
      "pepperoni",
      "Pepperoni"
    ]
  },
  {
    "value": "champiñones",
    "synonyms": [
      "champiñones",
      "Champiñones"
    ]
  },
  {
    "value": "aceitunas",
    "synonyms": [
      "aceitunas",
      "Aceitunas"
    ]
  },
  {
    "value": "pimiento",
    "synonyms": [
      "pimiento",
      "Pimiento",
      "Chile pimiento"
    ]
  },
  {
    "value": "pimienta",
    "synonyms": [
      "pimienta",
      "Pimienta"
    ]
  },
  {
    "value": "parmesano",
    "synonyms": [
      "parmesano",
      "Parmesano"
    ]
  },
  {
    "value": "pollo",
    "synonyms": [
      "pollo",
      "Pollo"
    ]
  },
  {
    "value": "carne",
    "synonyms": [
      "carne",
      "Carne"
    ]
  },
  {
    "value": "anchoas",
    "synonyms": [
      "anchoas",
      "Anchoas"
    ]
  },
  {
    "value": "tocino",
    "synonyms": [
      "tocino",
      "Tocino",
      "Tocineta"
    ]
  },
  {
    "value": "espinaca",
    "synonyms": [
      "espinaca",
      "Espinaca"
    ]
  },
  {
    "value": "romero",
    "synonyms": [
      "romero",
      "Romero"
    ]
  },
  {
    "value": "camaron",
    "synonyms": [
      "camaron",
      "camarones",
      "Camaron",
      "gamba",
      "Gamba"
    ]
  }
]